query_id,corpus_id
q00001,MSFT20230966
q00001,MSFT20230216
q00001,MSFT20230015
q00001,MSFT20230254
q00001,MSFT20230155
q00001,MSFT20230016
q00001,MSFT20231728
q00001,MSFT20230148
q00001,MSFT20231720
q00001,MSFT20230170
q00002,MSFT20230122
q00002,MSFT20230120
q00002,MSFT20230501
q00002,MSFT20230566
q00002,MSFT20231152
q00002,MSFT20231710
q00002,MSFT20231728
q00002,MSFT20231521
q00002,MSFT20231529
q00002,MSFT20231708
q00003,MSFT20230264
q00003,MSFT20230170
q00003,MSFT20230966
q00003,MSFT20231728
q00003,MSFT20230509
q00003,PG20230012
q00003,MSFT20230574
q00003,MSFT20230236
q00003,MSFT20230530
q00003,MSFT20230248
q00004,MSFT20230319
q00004,MSFT20230317
q00004,MSFT20230327
q00004,MSFT20230095
q00004,MSFT20230216
q00004,MSFT20230469
q00004,MSFT20230058
q00004,MSFT20230170
q00004,MSFT20231728
q00004,MSFT20230010
q00005,MSFT20230101
q00005,MSFT20230707
q00005,MSFT20231297
q00005,MSFT20230713
q00005,MSFT20230076
q00005,MSFT20231693
q00005,MSFT20230673
q00005,MSFT20230012
q00005,MSFT20231152
q00005,MSFT20230063
q00006,MSFT20230048
q00006,MSFT20230335
q00006,MSFT20230467
q00006,MSFT20231318
q00006,MSFT20230216
q00006,MSFT20230331
q00006,MSFT20231335
q00006,MSFT20230218
q00006,MSFT20230011
q00006,MSFT20230722
q00007,MSFT20230966
q00007,MSFT20230574
q00007,MSFT20230482
q00007,MSFT20230986
q00007,MSFT20231767
q00007,MSFT20230509
q00007,ADBE20230970
q00007,MSFT20230530
q00007,MSFT20230183
q00007,MSFT20231529
q00008,MSFT20230508
q00008,MSFT20231529
q00008,V20231038
q00008,MSFT20230707
q00008,MSFT20230708
q00008,MSFT20230979
q00008,MSFT20230713
q00008,MSFT20230729
q00008,MSFT20230710
q00008,MSFT20230006
q00009,ADBE20231907
q00009,ADBE20231518
q00009,ADBE20231681
q00009,ADBE20231011
q00009,ADBE20231356
q00009,ADBE20230975
q00009,ADBE20231155
q00009,ADBE20230986
q00009,ADBE20231454
q00009,ADBE20230776
q00010,ADBE20230726
q00010,ADBE20230725
q00010,ADBE20231565
q00010,ADBE20230728
q00010,ADBE20230727
q00010,ADBE20231573
q00010,ADBE20230451
q00010,ADBE20230453
q00010,ADBE20231571
q00010,ADBE20230454
q00011,ADBE20231575
q00011,ADBE20231585
q00011,ADBE20231490
q00011,ADBE20231513
q00011,ADBE20231531
q00011,ADBE20231488
q00011,ADBE20231480
q00011,ADBE20231498
q00011,ADBE20231528
q00011,ADBE20231487
q00012,ADBE20230283
q00012,ADBE20231518
q00012,ADBE20231681
q00012,ADBE20231702
q00012,ADBE20230961
q00012,ADBE20230258
q00012,ADBE20230004
q00012,ADBE20230185
q00012,ADBE20230218
q00012,ADBE20230497
q00013,ADBE20230650
q00013,ADBE20230583
q00013,ADBE20231518
q00013,ADBE20231681
q00013,ADBE20231378
q00013,ADBE20230569
q00013,ADBE20230773
q00013,ADBE20231150
q00013,ADBE20231815
q00013,ADBE20231080
q00014,ADBE20230773
q00014,ADBE20230583
q00014,ADBE20230650
q00014,ADBE20231733
q00014,ADBE20230569
q00014,ADBE20230416
q00014,ADBE20230651
q00014,ADBE20231518
q00014,ADBE20231681
q00014,ADBE20230550
q00015,CPNG20230991
q00015,CPNG20230245
q00015,CPNG20230532
q00015,CPNG20230234
q00015,CPNG20230490
q00015,CPNG20230812
q00015,CPNG20230323
q00015,CPNG20230810
q00015,CPNG20230036
q00015,CPNG20231540
q00016,CPNG20231088
q00016,CPNG20230908
q00016,CPNG20230947
q00016,CPNG20231540
q00016,CPNG20231566
q00016,CPNG20230486
q00016,CPNG20230616
q00016,CPNG20230867
q00016,CPNG20230321
q00016,CPNG20230682
q00017,CPNG20231023
q00017,CPNG20231564
q00017,CPNG20231374
q00017,CPNG20230683
q00017,CPNG20230589
q00017,DAL20230608
q00017,CPNG20230689
q00017,CPNG20230708
q00017,CPNG20230700
q00017,CPNG20231379
q00018,CPNG20230761
q00018,CPNG20231427
q00018,CPNG20230206
q00018,CPNG20230539
q00018,CPNG20230215
q00018,CPNG20231432
q00018,CPNG20231424
q00018,CPNG20230808
q00018,CPNG20231426
q00018,CPNG20231429
q00019,CPNG20230539
q00019,CPNG20230684
q00019,CPNG20230808
q00019,CPNG20230205
q00019,CPNG20231426
q00019,CPNG20230730
q00019,CPNG20231430
q00019,CPNG20230063
q00019,CPNG20231424
q00019,CPNG20230761
q00020,CPNG20230644
q00020,CPNG20230014
q00020,CPNG20230320
q00020,CPNG20230322
q00020,CPNG20231415
q00020,CPNG20230991
q00020,CPNG20230245
q00020,CPNG20230321
q00020,CPNG20230566
q00020,CPNG20230319
q00021,CPNG20230644
q00021,CPNG20231323
q00021,CPNG20230696
q00021,CPNG20231384
q00021,CPNG20230712
q00021,CPNG20231385
q00021,CPNG20231427
q00021,CPNG20230014
q00021,CPNG20231407
q00021,CPNG20231027
q00022,CPNG20230589
q00022,CPNG20231343
q00022,CPNG20230680
q00022,CPNG20230689
q00022,CPNG20230987
q00022,CPNG20231590
q00022,CPNG20231081
q00022,CPNG20230661
q00022,CPNG20231334
q00022,CPNG20231589
q00023,CPNG20231041
q00023,CPNG20230509
q00023,CPNG20230458
q00023,CPNG20230481
q00023,CPNG20230482
q00023,CPNG20230511
q00023,CPNG20230478
q00023,CPNG20230480
q00023,CPNG20230460
q00023,CPNG20231418
q00024,LIN20230332
q00024,LIN20230234
q00024,LIN20230324
q00024,LIN20230326
q00024,LIN20230393
q00024,LIN20232032
q00024,LIN20230650
q00024,LIN20230006
q00024,LIN20230292
q00024,LIN20230545
q00025,LIN20230370
q00025,LIN20232009
q00025,LIN20230218
q00025,LIN20230393
q00025,LIN20232032
q00025,LIN20230432
q00025,LIN20230371
q00025,LIN20232071
q00025,LIN20232011
q00025,LIN20230410
q00026,LIN20231717
q00026,LIN20231723
q00026,LIN20232169
q00026,LIN20231724
q00026,LIN20231719
q00026,LIN20231718
q00026,LIN20231364
q00026,LIN20231048
q00026,LIN20230324
q00026,LIN20230326
q00027,LIN20231143
q00027,LIN20231083
q00027,LIN20230601
q00027,LIN20230593
q00027,LIN20231910
q00027,LIN20230110
q00027,LIN20231677
q00027,LIN20231142
q00027,LIN20230066
q00027,LIN20230080
q00028,LIN20231195
q00028,LIN20230558
q00028,LIN20230553
q00028,LIN20232004
q00028,LIN20230161
q00028,LIN20230432
q00028,LIN20232128
q00028,LIN20230545
q00028,LIN20231717
q00028,LIN20230410
q00029,LIN20231719
q00029,LIN20231718
q00029,LIN20231717
q00029,LIN20232004
q00029,LIN20231723
q00029,LIN20230326
q00029,LIN20231724
q00029,LIN20230324
q00029,LIN20232169
q00029,LIN20230736
q00030,LIN20230082
q00030,LIN20230130
q00030,LIN20230131
q00030,LIN20230090
q00030,LIN20230071
q00030,LIN20230095
q00030,LIN20230070
q00030,LIN20230152
q00030,LIN20230068
q00030,LIN20230094
q00031,LIN20230432
q00031,LIN20230218
q00031,LIN20230410
q00031,LIN20232009
q00031,LIN20230370
q00031,LIN20230225
q00031,LIN20230452
q00031,LIN20230025
q00031,LIN20230227
q00031,LIN20232083
q00032,LIN20230332
q00032,LIN20230712
q00032,LIN20230716
q00032,LIN20230650
q00032,LIN20230690
q00032,LIN20231142
q00032,LIN20231083
q00032,LIN20230324
q00032,LIN20230727
q00032,LIN20231067
q00033,LIN20231613
q00033,LIN20231614
q00033,LIN20231615
q00033,LIN20230234
q00033,LIN20230332
q00033,LIN20231364
q00033,LIN20230006
q00033,LIN20231477
q00033,LIN20230324
q00033,LIN20232131
q00034,LIN20230324
q00034,LIN20230558
q00034,LIN20230332
q00034,LIN20230545
q00034,LIN20231004
q00034,LIN20232004
q00034,LIN20230562
q00034,LIN20231067
q00034,LIN20232169
q00034,LIN20230078
q00035,ORCL20231611
q00035,ORCL20231524
q00035,ORCL20231035
q00035,ORCL20230403
q00035,ORCL20230756
q00035,ORCL20231550
q00035,V20230379
q00035,ADBE20231568
q00035,V20230586
q00035,NFLX20231063
q00036,ORCL20230709
q00036,ORCL20230011
q00036,ORCL20230416
q00036,ORCL20230462
q00036,ORCL20230422
q00036,ORCL20231890
q00036,ORCL20231611
q00036,ORCL20230220
q00036,ORCL20231035
q00036,ORCL20231091
q00037,ORCL20230456
q00037,ORCL20231242
q00037,ORCL20230458
q00037,ORCL20230256
q00037,ORCL20231216
q00037,ORCL20230534
q00037,ORCL20231239
q00037,ORCL20231083
q00037,ORCL20230685
q00037,ORCL20231401
q00038,ORCL20231128
q00038,ORCL20231136
q00038,ORCL20231091
q00038,ORCL20231521
q00038,ORCL20230861
q00038,ORCL20230882
q00038,ORCL20230449
q00038,ORCL20231865
q00038,MSFT20230713
q00038,ORCL20230276
q00039,ORCL20230709
q00039,ORCL20230739
q00039,GOOGL20230665
q00039,ORCL20230738
q00039,ORCL20230741
q00039,ORCL20231226
q00039,META20230892
q00039,V20230572
q00039,DAL20230536
q00039,ORCL20230734
q00040,ORCL20230615
q00040,ORCL20231110
q00040,ORCL20230225
q00040,ORCL20230449
q00040,ORCL20230638
q00040,ORCL20230024
q00040,ORCL20230561
q00040,ORCL20230173
q00040,ORCL20230439
q00040,ORCL20231091
q00041,ORCL20231759
q00041,ORCL20230487
q00041,ORCL20231714
q00041,ORCL20230485
q00041,ORCL20230430
q00041,ORCL20231713
q00041,ORCL20231471
q00041,ORCL20230516
q00041,ORCL20230751
q00041,ORCL20230616
q00042,ORCL20231458
q00042,ORCL20231890
q00042,ORCL20231035
q00042,ORCL20231446
q00042,ORCL20230136
q00042,ORCL20230941
q00042,ORCL20231900
q00042,ORCL20231470
q00042,ORCL20230024
q00042,ORCL20231865
q00043,ORCL20230422
q00043,ORCL20231035
q00043,ORCL20231890
q00043,ORCL20230941
q00043,ORCL20231878
q00043,ORCL20231900
q00043,ORCL20231865
q00043,ORCL20230709
q00043,ORCL20231226
q00043,ORCL20231614
q00044,ORCL20230215
q00044,ORCL20230217
q00044,ORCL20230281
q00044,ORCL20230212
q00044,ORCL20230516
q00044,ORCL20230589
q00044,ORCL20230013
q00044,ORCL20230220
q00044,ORCL20230978
q00044,ORCL20230228
q00045,NVDA20230472
q00045,NVDA20230395
q00045,NVDA20231674
q00045,NVDA20230009
q00045,NVDA20231006
q00045,NVDA20230217
q00045,NVDA20230229
q00045,NVDA20230192
q00045,NVDA20230023
q00045,NVDA20230029
q00046,NVDA20230413
q00046,NVDA20231117
q00046,NVDA20231495
q00046,ORCL20230414
q00046,NVDA20231491
q00046,NVDA20230781
q00046,NVDA20230561
q00046,NVDA20230517
q00046,NVDA20231545
q00046,NVDA20231560
q00047,NVDA20230542
q00047,NVDA20230543
q00047,NVDA20231571
q00047,NVDA20230540
q00047,NVDA20231570
q00047,NVDA20230525
q00047,NVDA20230303
q00047,NVDA20231260
q00047,NVDA20231545
q00047,NVDA20230534
q00048,NVDA20230369
q00048,NVDA20230265
q00048,NVDA20230329
q00048,NVDA20230322
q00048,NVDA20230195
q00048,NVDA20230336
q00048,NVDA20230304
q00048,NVDA20230249
q00048,NVDA20230367
q00048,NVDA20230309
q00049,NVDA20230548
q00049,NVDA20230464
q00049,NVDA20230535
q00049,NVDA20230549
q00049,NVDA20230547
q00049,PG20230301
q00049,NVDA20230534
q00049,NVDA20230537
q00049,NVDA20230598
q00049,NVDA20231570
q00050,PG20230010
q00050,PG20230225
q00050,PG20230239
q00050,PG20230756
q00050,PG20230240
q00050,PG20230156
q00050,PG20230064
q00050,PG20230241
q00050,PG20230237
q00050,PG20230203
q00051,PG20230839
q00051,PG20230827
q00051,PG20230826
q00051,PG20230012
q00051,PG20230221
q00051,PG20230066
q00051,PG20230327
q00051,PG20230772
q00051,PG20231215
q00051,PG20230838
q00052,PG20230024
q00052,PG20230519
q00052,PG20230826
q00052,PG20230267
q00052,PG20230171
q00052,PG20230107
q00052,PG20230921
q00052,PG20230863
q00052,PG20231056
q00052,PG20231033
q00053,PG20230053
q00053,PG20230052
q00053,PG20230277
q00053,PG20230054
q00053,PG20230278
q00053,PG20230279
q00053,JNJ20230620
q00053,JPM20233965
q00053,PG20230280
q00053,PG20230055
q00054,PG20230087
q00054,PG20230092
q00054,PG20230091
q00054,PG20230093
q00054,PG20230073
q00054,PG20230088
q00054,CPNG20230494
q00054,CPNG20230394
q00054,PG20230054
q00054,PG20230089
q00055,PG20230837
q00055,PG20230142
q00055,PG20231215
q00055,PG20230145
q00055,PG20231556
q00055,PG20230151
q00055,PG20230171
q00055,PG20230225
q00055,PG20230828
q00055,PG20230223
q00056,PG20230165
q00056,PG20230435
q00056,PG20231112
q00056,JNJ20231469
q00056,V20231498
q00056,PG20231556
q00056,PG20231497
q00056,PG20230162
q00056,JNJ20230524
q00056,JNJ20230244
q00057,PG20230171
q00057,PG20230181
q00057,PG20230433
q00057,JNJ20230545
q00057,PG20231392
q00057,PG20231056
q00057,PG20230371
q00057,PG20230222
q00057,PG20231111
q00057,PG20230003
q00058,PG20230171
q00058,PG20230181
q00058,PG20230371
q00058,PG20231056
q00058,PG20230352
q00058,PG20230433
q00058,PG20230311
q00058,PG20230327
q00058,PG20230351
q00058,PG20230267
q00059,PG20230174
q00059,PG20230156
q00059,PG20231215
q00059,PG20231223
q00059,PG20230171
q00059,PG20230181
q00059,PG20230863
q00059,PG20230221
q00059,PG20231101
q00059,PG20230585
q00060,PG20230225
q00060,PG20230206
q00060,PG20230197
q00060,PG20230237
q00060,PG20230004
q00060,PG20230585
q00060,PG20230553
q00060,PG20230404
q00060,PG20230912
q00060,PG20230003
q00061,PG20230240
q00061,PG20230208
q00061,PG20230805
q00061,PG20230221
q00061,PG20230826
q00061,PG20230756
q00061,PG20230203
q00061,PG20230241
q00061,PG20230225
q00061,PG20230223
q00062,PG20230221
q00062,PG20230230
q00062,PG20230229
q00062,PG20230228
q00062,PG20230805
q00062,PG20230826
q00062,PG20230392
q00062,PG20230227
q00062,PG20230226
q00062,PG20231150
q00063,PG20230241
q00063,PG20230239
q00063,PG20230225
q00063,PG20230240
q00063,PG20230246
q00063,PG20230197
q00063,PG20230033
q00063,PG20230511
q00063,PG20230187
q00063,PG20230578
q00064,PG20230371
q00064,PG20230352
q00064,PG20230393
q00064,PG20230267
q00064,PG20230325
q00064,PG20230360
q00064,PG20230399
q00064,PG20230327
q00064,PG20230381
q00064,PG20230311
q00065,PG20230527
q00065,PG20230200
q00065,PG20230269
q00065,PG20230521
q00065,PG20230422
q00065,PG20230268
q00065,PG20230531
q00065,PG20230421
q00065,PG20230198
q00065,PG20230525
q00066,PG20230301
q00066,PG20230371
q00066,PG20230393
q00066,PG20230284
q00066,PG20230381
q00066,PG20230311
q00066,PG20230273
q00066,PG20230307
q00066,PG20230062
q00066,PG20230286
q00067,PG20231234
q00067,PG20231075
q00067,PG20230836
q00067,PG20230911
q00067,PG20230921
q00067,PG20231099
q00067,PG20231222
q00067,PG20230981
q00067,PG20230993
q00067,PG20230991
q00068,PG20230939
q00068,JNJ20231848
q00068,PG20230940
q00068,PG20230277
q00068,PG20230267
q00068,PG20230828
q00068,PG20230430
q00068,PG20230223
q00068,PG20230425
q00068,ORCL20231242
q00069,PG20231392
q00069,PG20230425
q00069,PG20230911
q00069,PG20230555
q00069,PG20230836
q00069,PG20231056
q00069,PG20231033
q00069,PG20230403
q00069,PG20231009
q00069,PG20230760
q00070,PG20231450
q00070,PG20230911
q00070,PG20230403
q00070,PG20231099
q00070,PG20231309
q00070,PG20231056
q00070,PG20231032
q00070,PG20230836
q00070,PG20231033
q00070,PG20230425
q00071,PG20230440
q00071,PG20230047
q00071,PG20231153
q00071,PG20230048
q00071,JPM20233452
q00071,PG20231392
q00071,PG20231215
q00071,PG20230493
q00071,PG20230171
q00071,JPM20233021
q00072,PG20230519
q00072,PG20230351
q00072,PG20230826
q00072,PG20230267
q00072,PG20230201
q00072,PG20230338
q00072,PG20230370
q00072,PG20230347
q00072,PG20230359
q00072,PG20230863
q00073,PG20230508
q00073,PG20230511
q00073,PG20230171
q00073,PG20231112
q00073,PG20230181
q00073,PG20231253
q00073,PG20230197
q00073,PG20230527
q00073,PG20230201
q00073,PG20230198
q00074,DAL20230020
q00074,DAL20230364
q00074,DAL20230363
q00074,DAL20230353
q00074,DAL20231361
q00074,DAL20231360
q00074,DAL20230128
q00074,DAL20231090
q00074,DAL20231611
q00074,DAL20230362
q00075,DAL20231403
q00075,DAL20231090
q00075,DAL20230353
q00075,DAL20231354
q00075,DAL20230602
q00075,DAL20231360
q00075,DAL20231391
q00075,DAL20230363
q00075,DAL20231415
q00075,DAL20230627
q00076,DAL20230365
q00076,DAL20231877
q00076,DAL20231880
q00076,DAL20231361
q00076,DAL20230416
q00076,DAL20231900
q00076,DAL20231901
q00076,DAL20230064
q00076,DAL20231903
q00076,DAL20231254
q00077,DAL20231612
q00077,DAL20230380
q00077,DAL20231611
q00077,DAL20230020
q00077,DAL20230378
q00077,DAL20230353
q00077,DAL20231927
q00077,DAL20231928
q00077,DAL20231921
q00077,DAL20231924
q00078,DAL20230466
q00078,DAL20230462
q00078,DAL20230467
q00078,DAL20230469
q00078,DAL20230459
q00078,DAL20230468
q00078,DAL20230521
q00078,DAL20231183
q00078,DAL20230025
q00078,DAL20230522
q00079,DAL20230479
q00079,DAL20230040
q00079,DAL20230233
q00079,DAL20230619
q00079,DAL20230053
q00079,DAL20231253
q00079,DAL20231632
q00079,DAL20231962
q00079,DAL20230043
q00079,DAL20230611
q00080,DAL20230424
q00080,DAL20230515
q00080,DAL20231816
q00080,DAL20230427
q00080,DAL20230590
q00080,DAL20230426
q00080,DAL20230581
q00080,DAL20230521
q00080,DAL20230446
q00080,DAL20230425
q00081,DAL20230223
q00081,DAL20230593
q00081,DAL20230513
q00081,DAL20230710
q00081,DAL20230301
q00081,DAL20230776
q00081,DAL20230424
q00081,DAL20230837
q00081,BRK.A20230737
q00081,DAL20230558
q00082,DAL20230608
q00082,DAL20230427
q00082,DAL20230590
q00082,DAL20230426
q00082,DAL20230477
q00082,DAL20230423
q00082,DAL20231166
q00082,DAL20230422
q00082,DAL20230428
q00082,DAL20230609
q00083,DAL20230609
q00083,DAL20230615
q00083,DAL20231317
q00083,DAL20230590
q00083,DAL20230626
q00083,DAL20231318
q00083,DAL20230755
q00083,DAL20230543
q00083,DAL20230678
q00083,DAL20231568
q00084,DAL20230615
q00084,DAL20231451
q00084,DAL20230610
q00084,DAL20231446
q00084,DAL20230609
q00084,DAL20231435
q00084,DAL20231326
q00084,DAL20230617
q00084,DAL20230604
q00084,DAL20231450
q00085,DAL20230403
q00085,DAL20230628
q00085,DAL20230629
q00085,DAL20231962
q00085,DAL20231894
q00085,DAL20230405
q00085,DAL20231730
q00085,DAL20230626
q00085,DAL20231317
q00085,DAL20230029
q00086,DAL20231155
q00086,DAL20230640
q00086,DAL20231013
q00086,TSLA20230828
q00086,DAL20230648
q00086,DAL20231156
q00086,DAL20230858
q00086,ADBE20231118
q00086,DAL20230641
q00086,CPNG20231081
q00087,DAL20231091
q00087,DAL20231088
q00087,DAL20231090
q00087,DAL20231094
q00087,DAL20231070
q00087,DAL20230662
q00087,DAL20231360
q00087,DAL20231263
q00087,DAL20230353
q00087,DAL20231095
q00088,DAL20231109
q00088,DAL20231879
q00088,DAL20230646
q00088,DAL20231143
q00088,DAL20231111
q00088,DAL20231962
q00088,DAL20231404
q00088,DAL20231736
q00088,DAL20230601
q00088,HD20230798
q00089,TSLA20230362
q00089,TSLA20230433
q00089,TSLA20230364
q00089,TSLA20230437
q00089,TSLA20230363
q00089,TSLA20230470
q00089,TSLA20230471
q00089,TSLA20230367
q00089,TSLA20230011
q00089,TSLA20230436
q00090,TSLA20230362
q00090,TSLA20231543
q00090,TSLA20230435
q00090,TSLA20230471
q00090,TSLA20230433
q00090,TSLA20230437
q00090,TSLA20230827
q00090,AAPL20230333
q00090,TSLA20231475
q00090,TSLA20231468
q00091,TSLA20230367
q00091,TSLA20230364
q00091,TSLA20230469
q00091,TSLA20230437
q00091,TSLA20231306
q00091,TSLA20230365
q00091,TSLA20230496
q00091,TSLA20230514
q00091,TSLA20230490
q00091,TSLA20230471
q00092,TSLA20231172
q00092,TSLA20230527
q00092,TSLA20231306
q00092,TSLA20230391
q00092,TSLA20231070
q00092,TSLA20230367
q00092,TSLA20230365
q00092,TSLA20230364
q00092,TSLA20231167
q00092,TSLA20231012
q00093,TSLA20230082
q00093,TSLA20230081
q00093,TSLA20230332
q00093,TSLA20230380
q00093,TSLA20230011
q00093,TSLA20230169
q00093,TSLA20230271
q00093,TSLA20230223
q00093,TSLA20230381
q00093,TSLA20230389
q00094,TSLA20231538
q00094,TSLA20231078
q00094,TSLA20230362
q00094,TSLA20230367
q00094,TSLA20230364
q00094,TSLA20230363
q00094,TSLA20230490
q00094,TSLA20230471
q00094,TSLA20230437
q00094,TSLA20230470
q00095,TSLA20231453
q00095,TSLA20231470
q00095,TSLA20231458
q00095,TSLA20231451
q00095,TSLA20231459
q00095,TSLA20231469
q00095,TSLA20231466
q00095,TSLA20231460
q00095,TSLA20231463
q00095,TSLA20231457
q00096,TSLA20231108
q00096,TSLA20231093
q00096,TSLA20230492
q00096,TSLA20230991
q00096,TSLA20230965
q00096,TSLA20231023
q00096,TSLA20230490
q00096,TSLA20230469
q00096,TSLA20230957
q00096,TSLA20230365
q00097,TSLA20231296
q00097,MSFT20231607
q00097,TSLA20231505
q00097,TSLA20230729
q00097,TSLA20230680
q00097,TSLA20230297
q00097,TSLA20231341
q00097,TSLA20230345
q00097,TSLA20230343
q00097,TSLA20231477
q00098,TSLA20230005
q00098,TSLA20230361
q00098,TSLA20230139
q00098,TSLA20230004
q00098,TSLA20230568
q00098,TSLA20230358
q00098,TSLA20230141
q00098,TSLA20230841
q00098,TSLA20230431
q00098,TSLA20230042
q00099,NFLX20230772
q00099,NFLX20230311
q00099,NFLX20230289
q00099,NFLX20230041
q00099,NFLX20230749
q00099,NFLX20230310
q00099,NFLX20230257
q00099,NFLX20230279
q00099,NFLX20230268
q00099,NFLX20230037
q00100,NFLX20230258
q00100,NFLX20230061
q00100,NFLX20230030
q00100,NFLX20230059
q00100,NFLX20230103
q00100,NFLX20230482
q00100,NFLX20230464
q00100,NFLX20230019
q00100,NFLX20230692
q00100,NFLX20230509
q00101,NFLX20230710
q00101,NFLX20230006
q00101,NFLX20230692
q00101,NFLX20230424
q00101,NFLX20230509
q00101,NFLX20230539
q00101,NFLX20230521
q00101,NFLX20230462
q00101,NFLX20230059
q00101,NFLX20230624
q00102,NFLX20230389
q00102,NFLX20230989
q00102,NFLX20230990
q00102,NFLX20230390
q00102,NFLX20230137
q00102,NFLX20231001
q00102,GOOGL20230708
q00102,NFLX20230128
q00102,NFLX20231000
q00102,GOOGL20231540
q00103,NFLX20230390
q00103,NFLX20231000
q00103,NFLX20231001
q00103,NFLX20230387
q00103,NFLX20230137
q00103,NFLX20230128
q00103,NFLX20230061
q00103,GOOGL20231540
q00103,NFLX20230708
q00103,NFLX20230123
q00104,NFLX20230329
q00104,NFLX20230328
q00104,NFLX20230723
q00104,NFLX20230345
q00104,NFLX20230231
q00104,NFLX20230087
q00104,NFLX20230320
q00104,NFLX20230337
q00104,NFLX20230239
q00104,NFLX20230659
q00105,NFLX20230268
q00105,NFLX20230267
q00105,NFLX20230749
q00105,NFLX20230257
q00105,NFLX20230269
q00105,NFLX20230721
q00105,NFLX20231178
q00105,NFLX20230289
q00105,NFLX20230523
q00105,NFLX20230279
q00106,NFLX20230259
q00106,NFLX20230007
q00106,PG20230301
q00106,NFLX20230409
q00106,NFLX20230975
q00106,MSFT20230577
q00106,ORCL20230522
q00106,NFLX20230913
q00106,PG20230313
q00106,NFLX20230257
q00107,NFLX20230289
q00107,NFLX20230749
q00107,NFLX20230311
q00107,NFLX20230772
q00107,NFLX20230310
q00107,NFLX20230757
q00107,NFLX20230037
q00107,NFLX20230299
q00107,NFLX20230268
q00107,NFLX20230015
q00108,NFLX20231063
q00108,NFLX20230380
q00108,NFLX20230232
q00108,NFLX20230231
q00108,NFLX20230192
q00108,NFLX20230234
q00108,NFLX20230940
q00108,NFLX20230203
q00108,JNJ20231469
q00108,NFLX20230411
q00109,HD20230004
q00109,HD20230024
q00109,HD20230719
q00109,HD20230025
q00109,HD20230133
q00109,HD20230076
q00109,HD20230077
q00109,HD20230027
q00109,HD20230595
q00109,HD20230622
q00110,HD20230004
q00110,HD20230005
q00110,HD20230637
q00110,HD20230715
q00110,HD20230595
q00110,HD20230622
q00110,HD20230671
q00110,HD20230552
q00110,HD20231485
q00110,HD20230088
q00111,HD20230011
q00111,HD20230163
q00111,HD20230037
q00111,HD20230004
q00111,HD20230072
q00111,HD20230149
q00111,HD20230077
q00111,HD20230058
q00111,HD20230164
q00111,HD20230719
q00112,HD20230967
q00112,HD20231308
q00112,HD20230475
q00112,LIN20231106
q00112,LIN20230559
q00112,HD20230983
q00112,ORCL20231242
q00112,HD20231312
q00112,JNJ20231848
q00112,HD20230348
q00113,HD20230021
q00113,HD20230339
q00113,HD20230354
q00113,HD20230018
q00113,HD20231190
q00113,HD20230529
q00113,HD20230430
q00113,HD20230367
q00113,HD20231485
q00113,HD20230454
q00114,HD20230471
q00114,HD20230475
q00114,HD20231365
q00114,HD20230011
q00114,HD20230368
q00114,HD20231303
q00114,HD20230061
q00114,HD20230018
q00114,HD20231053
q00114,HD20230149
q00115,HD20230410
q00115,HD20230415
q00115,HD20230414
q00115,HD20230058
q00115,HD20230037
q00115,HD20230367
q00115,HD20230011
q00115,HD20230856
q00115,HD20230417
q00115,HD20230471
q00116,HD20231224
q00116,HD20230037
q00116,HD20231464
q00116,HD20231485
q00116,HD20231331
q00116,HD20230736
q00116,HD20230093
q00116,HD20230529
q00116,HD20230062
q00116,HD20230154
q00117,HD20230798
q00117,META20231230
q00117,HD20230410
q00117,HD20230875
q00117,HD20230475
q00117,HD20230529
q00117,ADBE20231034
q00117,HD20230367
q00117,HD20230856
q00117,HD20230004
q00118,HD20230410
q00118,HD20230430
q00118,HD20230426
q00118,HD20230367
q00118,HD20230417
q00118,HD20231541
q00118,HD20230412
q00118,HD20230842
q00118,HD20230967
q00118,HD20230471
q00119,AAPL20230236
q00119,AAPL20230557
q00119,AAPL20230004
q00119,AAPL20230238
q00119,ADBE20230967
q00119,AAPL20230989
q00119,AAPL20230970
q00119,ORCL20231718
q00119,PG20231223
q00119,AAPL20230239
q00120,AAPL20230251
q00120,AAPL20230244
q00120,AAPL20230254
q00120,AAPL20230247
q00120,GOOGL20230793
q00120,GOOGL20230810
q00120,NVDA20230469
q00120,AAPL20231026
q00120,GOOGL20230811
q00120,GOOGL20230812
q00121,AAPL20230707
q00121,ADBE20231336
q00121,META20231502
q00121,HD20230424
q00121,MSFT20231296
q00121,V20231264
q00121,UNH20231008
q00121,JNJ20231008
q00121,BRK.A20231679
q00121,PG20231412
q00122,AAPL20230871
q00122,AAPL20230222
q00122,AAPL20230223
q00122,AAPL20230255
q00122,AAPL20230221
q00122,HD20230351
q00122,LIN20230189
q00122,HD20231192
q00122,V20231498
q00122,AAPL20230189
q00123,META20230705
q00123,ORCL20231769
q00123,GOOGL20231145
q00123,META20230006
q00123,META20230684
q00123,NFLX20230774
q00123,ORCL20231782
q00123,ORCL20230520
q00123,META20231191
q00123,NFLX20230310
q00124,AAPL20230244
q00124,AAPL20230254
q00124,AAPL20230251
q00124,LIN20230490
q00124,AAPL20230240
q00124,AAPL20230268
q00124,LIN20230451
q00124,AAPL20230247
q00124,ADBE20230029
q00124,HD20230062
q00125,HD20230423
q00125,LIN20230296
q00125,TSLA20230492
q00125,META20230841
q00125,LIN20230490
q00125,LIN20230451
q00125,TSLA20230471
q00125,JPM20232665
q00125,JPM20233514
q00125,META20230604
q00126,AAPL20230831
q00126,GOOGL20231369
q00126,V20231323
q00126,LIN20231289
q00126,AAPL20230805
q00126,AMZN20231331
q00126,AMZN20231332
q00126,AAPL20230830
q00126,LIN20231293
q00126,DAL20231431
q00127,AAPL20230884
q00127,AAPL20230882
q00127,AAPL20231117
q00127,NVDA20231084
q00127,AAPL20231022
q00127,NFLX20231019
q00127,ORCL20231611
q00127,META20231697
q00127,MSFT20231704
q00127,AAPL20230255
q00128,AAPL20230707
q00128,MSFT20231296
q00128,LIN20230299
q00128,ADBE20231336
q00128,DAL20231091
q00128,BRK.A20231679
q00128,JPM20231673
q00128,HD20230424
q00128,JNJ20231008
q00128,LIN20230310
q00129,AMZN20230354
q00129,AMZN20230284
q00129,AMZN20231285
q00129,AMZN20230349
q00129,AMZN20230368
q00129,AMZN20230325
q00129,AMZN20230279
q00129,AMZN20230142
q00129,AMZN20230703
q00129,AMZN20230859
q00130,AMZN20230487
q00130,AMZN20230482
q00130,AMZN20231443
q00130,AMZN20230142
q00130,AMZN20231097
q00130,AMZN20230276
q00130,AMZN20230712
q00130,AMZN20231383
q00130,AMZN20230099
q00130,AMZN20230542
q00131,AMZN20230757
q00131,AMZN20230402
q00131,AMZN20230404
q00131,AMZN20230752
q00131,AMZN20230403
q00131,AMZN20231075
q00131,AMZN20231289
q00131,AMZN20230396
q00131,AMZN20230280
q00131,AMZN20230398
q00132,AMZN20230295
q00132,AMZN20230808
q00132,AMZN20231145
q00132,AMZN20231218
q00132,AMZN20230750
q00132,AMZN20230995
q00132,AMZN20231122
q00132,AMZN20231321
q00132,AMZN20230940
q00132,AMZN20230466
q00133,AMZN20231321
q00133,AMZN20231329
q00133,AMZN20231052
q00133,AMZN20230423
q00133,AMZN20230417
q00133,AMZN20231285
q00133,AMZN20230364
q00133,AMZN20231331
q00133,AMZN20230779
q00133,AMZN20231073
q00134,AMZN20231099
q00134,AMZN20231092
q00134,AMZN20231096
q00134,AMZN20230837
q00134,AMZN20231343
q00134,AMZN20231093
q00134,AMZN20231088
q00134,AMZN20230226
q00134,AMZN20230549
q00134,AMZN20231098
q00135,AMZN20231110
q00135,LIN20230189
q00135,NFLX20230231
q00135,GOOGL20231589
q00135,MSFT20230454
q00135,NFLX20231063
q00135,V20231498
q00135,MSFT20231621
q00135,JPM20237345
q00135,JNJ20230524
q00136,AMZN20230414
q00136,AMZN20230420
q00136,AMZN20230423
q00136,AMZN20230779
q00136,AMZN20231145
q00136,AMZN20230995
q00136,AMZN20230417
q00136,AMZN20231122
q00136,AMZN20230902
q00136,AMZN20231331
q00137,AMZN20230278
q00137,AMZN20230858
q00137,AMZN20230742
q00137,AMZN20230746
q00137,AMZN20230748
q00137,AMZN20230745
q00137,AMZN20230747
q00137,AMZN20230741
q00137,AMZN20230761
q00137,ORCL20231106
q00138,AMZN20230284
q00138,AMZN20230408
q00138,AMZN20230313
q00138,META20230030
q00138,GOOGL20230376
q00138,AMZN20230407
q00138,AMZN20230759
q00138,AMZN20230843
q00138,AMZN20230028
q00138,AMZN20230142
q00139,AMZN20231106
q00139,AMZN20230800
q00139,AMZN20230844
q00139,AMZN20230804
q00139,AMZN20230295
q00139,AMZN20230802
q00139,AMZN20230706
q00139,AMZN20230699
q00139,AMZN20230915
q00139,AMZN20231042
q00140,GOOGL20230086
q00140,NVDA20230074
q00140,MSFT20230144
q00140,AMZN20230020
q00140,AMZN20230549
q00140,AMZN20230068
q00140,MSFT20230162
q00140,AMZN20231343
q00140,AMZN20230531
q00140,AMZN20231356
q00141,AMZN20230042
q00141,AMZN20230549
q00141,AMZN20230531
q00141,AMZN20231356
q00141,AMZN20230703
q00141,AMZN20230008
q00141,AMZN20230013
q00141,AMZN20230043
q00141,AMZN20231374
q00141,AMZN20231094
q00142,AMZN20230246
q00142,AMZN20230254
q00142,ORCL20230391
q00142,AMZN20230402
q00142,BRK.A20230383
q00142,MSFT20230437
q00142,AMZN20230757
q00142,AMZN20231321
q00142,JNJ20230194
q00142,AMZN20231329
q00143,AMZN20230744
q00143,AMZN20230740
q00143,AMZN20230742
q00143,CPNG20231080
q00143,NVDA20230919
q00143,AMZN20230403
q00143,META20231206
q00143,AAPL20230583
q00143,ADBE20230971
q00143,AMZN20230858
q00144,AMZN20230706
q00144,AMZN20231372
q00144,AMZN20231379
q00144,AMZN20231377
q00144,AMZN20231376
q00144,AMZN20231378
q00144,AMZN20231375
q00144,AMZN20231373
q00144,AMZN20231484
q00144,AMZN20231374
q00145,AMZN20230747
q00145,AMZN20231249
q00145,AMZN20230741
q00145,AMZN20230858
q00145,AMZN20230278
q00145,GOOGL20230381
q00145,AMZN20230761
q00145,AMZN20230703
q00145,AMZN20230368
q00145,AMZN20230354
q00146,AMZN20230983
q00146,AMZN20230985
q00146,ORCL20231242
q00146,AMZN20230980
q00146,AMZN20230984
q00146,LIN20231106
q00146,AMZN20230982
q00146,JNJ20231848
q00146,LIN20230559
q00146,AMZN20230549
q00147,AMZN20231110
q00147,V20231498
q00147,MSFT20231609
q00147,META20230585
q00147,MSFT20231610
q00147,MSFT20231621
q00147,JNJ20231469
q00147,AAPL20230222
q00147,META20231691
q00147,JNJ20230524
q00148,AMZN20230189
q00148,AMZN20230280
q00148,AMZN20230808
q00148,AMZN20230099
q00148,AMZN20230279
q00148,AMZN20230142
q00148,AMZN20230282
q00148,AMZN20231243
q00148,AMZN20230294
q00148,AMZN20230146
q00150,META20230315
q00150,META20230316
q00150,META20230314
q00150,META20230666
q00150,META20230311
q00150,META20230313
q00150,META20230668
q00150,META20230645
q00150,META20230677
q00150,META20230672
q00151,META20230666
q00151,META20230668
q00151,META20230311
q00151,META20230677
q00151,META20230645
q00151,META20230646
q00151,META20230672
q00151,META20230674
q00151,META20230316
q00151,META20230315
q00152,META20230623
q00152,META20230854
q00152,META20230744
q00152,META20230850
q00152,META20231821
q00152,META20230020
q00152,META20230805
q00152,META20230825
q00152,META20231315
q00152,META20231569
q00153,META20230007
q00153,META20230663
q00153,META20230893
q00153,META20230661
q00153,META20230008
q00153,META20230825
q00153,META20230892
q00153,META20230841
q00153,META20230656
q00153,META20230030
q00154,META20230217
q00154,META20230218
q00154,META20230219
q00154,META20230240
q00154,META20230186
q00154,META20230025
q00154,META20230226
q00154,META20230526
q00154,MSFT20230159
q00154,MSFT20230311
q00155,META20230799
q00155,META20230852
q00155,META20230803
q00155,META20230661
q00155,META20230623
q00155,META20231363
q00155,META20231342
q00155,META20230008
q00155,META20230741
q00155,META20230006
q00156,META20230801
q00156,META20230250
q00156,META20230653
q00156,META20230654
q00156,META20230240
q00156,META20230604
q00156,META20230147
q00156,META20230656
q00156,META20230741
q00156,META20230201
q00157,META20230805
q00157,META20230672
q00157,META20230115
q00157,META20230677
q00157,META20230854
q00157,META20230121
q00157,META20230834
q00157,META20230144
q00157,META20230801
q00157,META20230186
q00158,META20230629
q00158,JNJ20231848
q00158,META20230359
q00158,META20230841
q00158,JNJ20231866
q00158,JNJ20231864
q00158,JNJ20231852
q00158,META20231351
q00158,META20231333
q00158,META20231569
q00159,JNJ20230056
q00159,JNJ20230855
q00159,JNJ20230257
q00159,JNJ20230016
q00159,JNJ20230265
q00159,JNJ20230005
q00159,JNJ20231154
q00159,JNJ20230778
q00159,JNJ20232071
q00159,JNJ20230058
q00160,JNJ20231026
q00160,JNJ20230263
q00160,JNJ20231269
q00160,JNJ20231771
q00160,JNJ20231200
q00160,JNJ20231154
q00160,JNJ20231764
q00160,JNJ20230467
q00160,JNJ20230397
q00160,JNJ20230412
q00161,JNJ20231199
q00161,JNJ20231110
q00161,JNJ20230287
q00161,JNJ20231280
q00161,JNJ20232103
q00161,JNJ20231269
q00161,JNJ20230433
q00161,JNJ20231152
q00161,JNJ20231198
q00161,JNJ20231807
q00162,JNJ20231505
q00162,JNJ20231506
q00162,JNJ20231552
q00162,JNJ20231541
q00162,JNJ20231387
q00162,JNJ20231529
q00162,JPM20237368
q00162,JNJ20230696
q00162,JNJ20231465
q00162,JNJ20231543
q00163,JNJ20230333
q00163,JNJ20231764
q00163,JNJ20231677
q00163,JNJ20230338
q00163,JNJ20230337
q00163,JNJ20230340
q00163,JNJ20230454
q00163,JNJ20230412
q00163,JNJ20230294
q00163,JNJ20230263
q00164,JNJ20230263
q00164,JNJ20232005
q00164,JNJ20230447
q00164,JNJ20230412
q00164,JNJ20230522
q00164,JNJ20230520
q00164,JNJ20230523
q00164,JNJ20230454
q00164,JNJ20230294
q00164,JNJ20230518
q00165,JNJ20230599
q00165,JNJ20230397
q00165,JNJ20230258
q00165,JNJ20232340
q00165,JNJ20230416
q00165,JNJ20232100
q00165,JNJ20230418
q00165,JNJ20230580
q00165,JNJ20230396
q00165,JNJ20230431
q00166,JNJ20230263
q00166,JNJ20230412
q00166,JNJ20230468
q00166,JNJ20232005
q00166,JNJ20230505
q00166,JNJ20230454
q00166,JNJ20230397
q00166,JNJ20230599
q00166,JNJ20230416
q00166,JNJ20231269
q00167,JNJ20230416
q00167,JNJ20230418
q00167,JNJ20232004
q00167,JNJ20230396
q00167,JNJ20230447
q00167,JNJ20230860
q00167,JNJ20230412
q00167,JNJ20230258
q00167,JNJ20230263
q00167,JNJ20230580
q00168,JNJ20230412
q00168,JNJ20230263
q00168,JNJ20230454
q00168,JNJ20230401
q00168,JNJ20230467
q00168,JNJ20231269
q00168,JNJ20230430
q00168,JNJ20230397
q00168,JNJ20230416
q00168,JNJ20232005
q00169,JPM20231194
q00169,JPM20231163
q00169,JPM20231546
q00169,JPM20236521
q00169,JPM20234976
q00169,JPM20234977
q00169,JPM20232307
q00169,JPM20234145
q00169,JPM20233379
q00169,JPM20232241
q00170,JPM20231205
q00170,JPM20231306
q00170,JPM20231314
q00170,JPM20233157
q00170,JPM20231312
q00170,JPM20231404
q00170,JPM20233375
q00170,JPM20233153
q00170,JPM20236755
q00170,JPM20236212
q00171,JPM20231881
q00171,JPM20231968
q00171,JPM20232191
q00171,JPM20231615
q00171,JPM20232088
q00171,JPM20231871
q00171,JPM20235640
q00171,JPM20231266
q00171,JPM20234456
q00171,JPM20232059
q00172,JPM20235631
q00172,JPM20235636
q00172,JPM20231263
q00172,JPM20234458
q00172,JPM20235639
q00172,JPM20235632
q00172,JPM20235630
q00172,JPM20235633
q00172,JPM20235656
q00172,JPM20235637
q00173,JPM20238031
q00173,JPM20232349
q00173,JPM20237021
q00173,JPM20231388
q00173,JPM20231253
q00173,JPM20234970
q00173,JPM20231688
q00173,JPM20232052
q00173,JPM20231869
q00173,JPM20234977
q00174,JPM20230013
q00174,JPM20230662
q00174,JPM20230668
q00174,JPM20230671
q00174,JPM20230673
q00174,JPM20230195
q00174,JPM20237761
q00174,MSFT20230162
q00174,JPM20230669
q00174,JPM20238345
q00175,JPM20232344
q00175,JPM20232188
q00175,JPM20232345
q00175,JPM20231869
q00175,JPM20232051
q00175,JPM20230026
q00175,JPM20234970
q00175,JPM20231882
q00175,JPM20231681
q00175,JPM20231336
q00176,JPM20234973
q00176,JPM20231442
q00176,JPM20234970
q00176,JPM20235001
q00176,JPM20231446
q00176,JPM20231569
q00176,JPM20235010
q00176,JPM20232893
q00176,JPM20232067
q00176,JPM20232973
q00177,JPM20231259
q00177,JPM20231876
q00177,JPM20231873
q00177,JPM20235616
q00177,JPM20231276
q00177,JPM20231263
q00177,JPM20231392
q00177,JPM20231531
q00177,JPM20232062
q00177,JPM20232197
q00178,JPM20230009
q00178,JPM20231557
q00178,JPM20237808
q00178,JPM20231550
q00178,JPM20231194
q00178,JPM20231615
q00178,JPM20231125
q00178,JPM20237833
q00178,JPM20231602
q00178,JPM20237852
q00180,V20230922
q00180,V20230354
q00180,V20230114
q00180,V20230932
q00180,V20230925
q00180,V20231765
q00180,V20230772
q00180,V20230731
q00180,V20231384
q00180,V20231241
q00181,V20230020
q00181,V20230023
q00181,V20230479
q00181,V20230028
q00181,V20230974
q00181,V20230004
q00181,V20230922
q00181,V20230517
q00181,V20230971
q00181,V20230967
q00182,V20231007
q00182,V20231002
q00182,V20230679
q00182,V20231717
q00182,V20231324
q00182,V20230968
q00182,V20230980
q00182,V20231119
q00182,V20231495
q00182,V20231508
q00183,V20230119
q00183,V20230140
q00183,V20230123
q00183,V20230122
q00183,V20230197
q00183,V20230133
q00183,V20230129
q00183,V20230218
q00183,V20230230
q00183,V20230134
q00184,V20230254
q00184,MSFT20230416
q00184,V20230198
q00184,V20230200
q00184,PG20230042
q00184,V20230230
q00184,V20230170
q00184,V20230273
q00184,V20230369
q00184,V20230924
q00185,V20230099
q00185,LIN20230307
q00185,V20230461
q00185,ORCL20230243
q00185,PG20230311
q00185,V20230450
q00185,CPNG20230300
q00185,ORCL20230654
q00185,ADBE20230639
q00185,ADBE20230619
q00186,V20230475
q00186,V20230013
q00186,V20230050
q00186,V20230011
q00186,V20230059
q00186,V20231816
q00186,V20230273
q00186,V20230047
q00186,V20230655
q00186,V20231801
q00187,V20230679
q00187,V20231738
q00187,V20231508
q00187,V20231136
q00187,V20231430
q00187,V20230945
q00187,V20231082
q00187,V20231119
q00187,V20231514
q00187,V20230956
q00188,V20230105
q00188,V20230108
q00188,V20230109
q00188,V20231839
q00188,V20230268
q00188,V20230119
q00188,V20231210
q00188,V20230079
q00188,V20230085
q00188,V20230074
q00189,UNH20231411
q00189,UNH20230401
q00189,UNH20231362
q00189,UNH20230303
q00189,UNH20231360
q00189,UNH20230374
q00189,UNH20230014
q00189,UNH20230428
q00189,UNH20230075
q00189,UNH20231571
q00190,UNH20230429
q00190,UNH20230329
q00190,BRK.A20230863
q00190,UNH20230075
q00190,BRK.A20230519
q00190,UNH20230588
q00190,UNH20230411
q00190,BRK.A20230872
q00190,UNH20231362
q00190,BRK.A20230523
q00191,UNH20230329
q00191,UNH20230411
q00191,UNH20230428
q00191,UNH20230588
q00191,UNH20230359
q00191,UNH20231018
q00191,UNH20231617
q00191,UNH20230401
q00191,UNH20230684
q00191,UNH20231699
q00192,UNH20230811
q00192,UNH20230359
q00192,UNH20231737
q00192,UNH20231263
q00192,UNH20231421
q00192,UNH20230652
q00192,UNH20230280
q00192,UNH20231270
q00192,UNH20231332
q00192,UNH20231297
q00193,UNH20230160
q00193,UNH20230164
q00193,UNH20230260
q00193,UNH20230258
q00193,UNH20230163
q00193,UNH20230162
q00193,UNH20230252
q00193,UNH20230257
q00193,UNH20230155
q00193,UNH20230156
q00194,UNH20230428
q00194,UNH20231617
q00194,UNH20230329
q00194,UNH20230075
q00194,UNH20230411
q00194,UNH20230055
q00194,UNH20231571
q00194,UNH20230359
q00194,UNH20230703
q00194,UNH20231411
q00195,UNH20230321
q00195,UNH20231323
q00195,UNH20231711
q00195,UNH20231430
q00195,UNH20230588
q00195,UNH20231617
q00195,UNH20231571
q00195,UNH20231581
q00195,UNH20231411
q00195,UNH20230059
q00196,UNH20230312
q00196,UNH20231711
q00196,UNH20230309
q00196,UNH20230359
q00196,UNH20230307
q00196,UNH20231411
q00196,UNH20231617
q00196,UNH20230075
q00196,UNH20231571
q00196,UNH20230329
q00197,UNH20230368
q00197,UNH20230429
q00197,UNH20230812
q00197,UNH20230436
q00197,UNH20230370
q00197,UNH20230432
q00197,UNH20230359
q00197,UNH20230329
q00197,UNH20231640
q00197,UNH20230468
q00198,UNH20231228
q00198,UNH20231249
q00198,V20231499
q00198,UNH20230411
q00198,UNH20231699
q00198,UNH20230588
q00198,BRK.A20230592
q00198,UNH20231242
q00198,UNH20230429
q00198,UNH20230703
q00199,GOOGL20230019
q00199,GOOGL20230020
q00199,GOOGL20230032
q00199,GOOGL20230010
q00199,META20230193
q00199,GOOGL20230012
q00199,GOOGL20231781
q00199,MSFT20230367
q00199,GOOGL20230025
q00199,GOOGL20231527
q00200,GOOGL20230392
q00200,GOOGL20230055
q00200,GOOGL20230660
q00200,GOOGL20231779
q00200,GOOGL20231009
q00200,GOOGL20231015
q00200,GOOGL20230415
q00200,GOOGL20230397
q00200,GOOGL20230614
q00200,GOOGL20231010
q00201,GOOGL20230300
q00201,GOOGL20230205
q00201,GOOGL20230145
q00201,GOOGL20230134
q00201,GOOGL20230198
q00201,GOOGL20230148
q00201,GOOGL20230203
q00201,GOOGL20230181
q00201,GOOGL20230192
q00201,META20230329
q00202,GOOGL20230489
q00202,GOOGL20230612
q00202,GOOGL20230633
q00202,GOOGL20230614
q00202,NFLX20230259
q00202,GOOGL20230576
q00202,GOOGL20230634
q00202,GOOGL20230326
q00202,GOOGL20231932
q00202,GOOGL20231198
q00203,GOOGL20231954
q00203,GOOGL20231831
q00203,GOOGL20231982
q00203,GOOGL20231882
q00203,PG20231602
q00203,GOOGL20231671
q00203,V20230378
q00203,GOOGL20231909
q00203,CPNG20231608
q00203,HD20231305
q00204,GOOGL20230350
q00204,GOOGL20230340
q00204,GOOGL20230652
q00204,GOOGL20230762
q00204,GOOGL20231711
q00204,GOOGL20230774
q00204,GOOGL20231238
q00204,GOOGL20230760
q00204,GOOGL20230303
q00204,GOOGL20230796
q00205,GOOGL20231010
q00205,ORCL20231125
q00205,HD20230785
q00205,META20231197
q00205,MSFT20230968
q00205,GOOGL20230992
q00205,ADBE20230971
q00205,MSFT20230973
q00205,NFLX20230719
q00205,GOOGL20230055
q00206,GOOGL20231043
q00206,GOOGL20230612
q00206,NFLX20230329
q00206,NFLX20230723
q00206,GOOGL20230592
q00206,META20230801
q00206,ADBE20231034
q00206,GOOGL20231002
q00206,GOOGL20231674
q00206,GOOGL20230510
q00207,GOOGL20230616
q00207,GOOGL20230529
q00207,GOOGL20231799
q00207,GOOGL20231537
q00207,GOOGL20230611
q00207,GOOGL20231688
q00207,GOOGL20230504
q00207,ORCL20230978
q00207,GOOGL20231147
q00207,ORCL20231303
q00208,META20230413
q00208,META20230652
q00208,GOOGL20230121
q00208,META20230179
q00208,META20230047
q00208,GOOGL20230407
q00208,META20230654
q00208,META20230425
q00208,GOOGL20230367
q00208,GOOGL20230389
q00209,BRK.A20230640
q00209,BRK.A20230632
q00209,BRK.A20230332
q00209,BRK.A20230067
q00209,BRK.A20230450
q00209,BRK.A20230652
q00209,BRK.A20230066
q00209,BRK.A20230075
q00209,BRK.A20230333
q00209,BRK.A20230065
q00210,BRK.A20230005
q00210,BRK.A20230006
q00210,BRK.A20230288
q00210,BRK.A20230004
q00210,BRK.A20230328
q00210,BRK.A20232563
q00210,BRK.A20231065
q00210,BRK.A20230007
q00210,BRK.A20230009
q00210,BRK.A20231292
q00211,BRK.A20230460
q00211,BRK.A20230009
q00211,BRK.A20230062
q00211,BRK.A20230288
q00211,BRK.A20231057
q00211,BRK.A20230019
q00211,BRK.A20231059
q00211,BRK.A20230005
q00211,BRK.A20230289
q00211,BRK.A20230328
q00212,BRK.A20231350
q00212,BRK.A20232401
q00212,BRK.A20230005
q00212,BRK.A20230383
q00212,BRK.A20230121
q00212,BRK.A20230004
q00212,BRK.A20230869
q00212,PG20230208
q00212,BRK.A20230445
q00212,BRK.A20230446
q00213,BRK.A20230920
q00213,BRK.A20230422
q00213,BRK.A20232247
q00213,BRK.A20230421
q00213,AMZN20231110
q00213,NFLX20230380
q00213,V20230379
q00213,JNJ20231469
q00213,NFLX20231063
q00213,JPM20237345
q00214,BRK.A20230028
q00214,BRK.A20230009
q00214,BRK.A20230044
q00214,BRK.A20230041
q00214,BRK.A20230460
q00214,BRK.A20230514
q00214,BRK.A20230019
q00214,BRK.A20230525
q00214,BRK.A20230463
q00214,BRK.A20232446
q00215,BRK.A20230404
q00215,BRK.A20230407
q00215,BRK.A20230920
q00215,BRK.A20230421
q00215,BRK.A20231122
q00215,BRK.A20232244
q00215,BRK.A20231194
q00215,BRK.A20231344
q00215,BRK.A20231292
q00215,BRK.A20231245
q00216,BRK.A20230869
q00216,BRK.A20232401
q00216,BRK.A20230443
q00216,BRK.A20230007
q00216,BRK.A20230273
q00216,BRK.A20231350
q00216,BRK.A20232446
q00216,BRK.A20230458
q00216,BRK.A20230251
q00216,BRK.A20230253
q00217,BRK.A20230062
q00217,BRK.A20230460
q00217,BRK.A20230602
q00217,BRK.A20230594
q00217,BRK.A20230063
q00217,BRK.A20230449
q00217,BRK.A20231037
q00217,BRK.A20230612
q00217,BRK.A20232488
q00217,BRK.A20230010
q00218,BRK.A20230884
q00218,BRK.A20230063
q00218,BRK.A20232650
q00218,BRK.A20230594
q00218,BRK.A20230922
q00218,BRK.A20232329
q00218,BRK.A20230883
q00218,BRK.A20231241
q00218,BRK.A20230592
q00218,BRK.A20230700
